<?xml version="1.0" encoding="utf-8" ?>

<beans xmlns="http://www.springframework.org/schema/beans"
       xmlns:xsi="http://www.w3.org/2001/XMLSchema-instance"
       xmlns:context="http://www.springframework.org/schema/context"
       xmlns:jpa="http://www.springframework.org/schema/data/jpa"
       xmlns:tx="http://www.springframework.org/schema/tx"
       xsi:schemaLocation="http://www.springframework.org/schema/beans
                        http://www.springframework.org/schema/beans/spring-beans.xsd
                        http://www.springframework.org/schema/context
                        http://www.springframework.org/schema/context/spring-context.xsd
                        http://www.springframework.org/schema/data/jpa
                        http://www.springframework.org/schema/data/jpa/spring-jpa.xsd
                        http://www.springframework.org/schema/tx
                        http://www.springframework.org/schema/tx/spring-tx.xsd">


    <context:property-placeholder  location="classpath:jdbc.properties" />

    <!--扫描包-->
    <context:component-scan base-package="com.clb.ssh.service" />

    <!--配置数据源-->
    <bean id="dataSource" class="com.alibaba.druid.pool.DruidDataSource" init-method="init" destroy-method="close">
        <!--druid的基础属性-->
        <property name="url" value="${jdbc.url}"/>
        <property name="username" value="${jdbc.username}"/>
        <property name="password" value="${jdbc.password}"/>
        <property name="driverClassName" value="${jdbc.driver}"/>

        <!-- 配置初始化大小、最小、最大 -->
        <property name="initialSize" value="1" />
        <property name="minIdle" value="1" />
        <property name="maxActive" value="10" />

        <property name="timeBetweenEvictionRunsMillis" value="60000" />
        <property name="minEvictableIdleTimeMillis" value="300000" />

        <property name="validationQuery" value="SELECT 'x'" />
        <property name="testWhileIdle" value="true" />
        <!--<property name="testOnBorrow" value="false" />
        <property name="testOnReturn" value="false" />
        <property name="poolPreparedStatements" value="false" />-->
        <property name="maxPoolPreparedStatementPerConnectionSize" value="20" />
    </bean>

    <!--
        配置jpa中非常重要的對象，entityManagerFactory
        entityManager类似于mybatis中的SqlSession
        entityManagerFactory类似于mybatis中的SqlSessionFactory
     -->
    <bean id="entityManagerFactory" class="org.springframework.orm.jpa.LocalContainerEntityManagerFactoryBean">

        <!--配置数据源-->
        <property name="dataSource" ref="dataSource" />
        <!--配置包扫描（pojo实体类所在的包）-->
        <property name="packagesToScan" value="com.clb.ssh.entity" />
        <!--指定jpa的具体实现，也就是hibernate-->
        <property name="persistenceProvider">
            <bean class="org.hibernate.jpa.HibernatePersistenceProvider" />
        </property>
        <!--jpa方言配置,不同的jpa实现对于类似于beginTransaction等细节实现起来是不一样的，
                       所以传入JpaDialect具体的实现类-->
        <property name="jpaDialect">
            <bean class="org.springframework.orm.jpa.vendor.HibernateJpaDialect" />
        </property>
        <!--配置具体provider，hibearnte框架的执行细节-->
        <property name="jpaVendorAdapter">
            <bean class="org.springframework.orm.jpa.vendor.HibernateJpaVendorAdapter" >
                <!--
                    配置数据表是否自动创建
                    因为我们会建立pojo和数据表之间的映射关系
                    程序启动时，如果数据表还没有创建，是否要程序给创建一下
                -->
                <property name="generateDdl" value="false" />
                <!--
                    指定数据库的类型
                     hibernate本身是个dao层框架，可以支持多种数据库类型的，这里就指定本次使用的什么数据库
                -->
                <property name="database" value="MYSQL" />
                <!--
                    配置数据库的方言
                    hiberante可以帮助我们拼装sql语句，但是不同的数据库sql语法是不同的，所以需要我们注入具体的数据库方言
                 -->
                <property name="databasePlatform" value="org.hibernate.dialect.MySQLDialect" />
                <!--是否显示sql-->
                <property name="showSql" value="true" />
            </bean>
        </property>
    </bean>

    <!--JPA 事务配置-->
    <bean id="transactionManager" class="org.springframework.orm.jpa.JpaTransactionManager">
        <property name="entityManagerFactory" ref="entityManagerFactory" />
    </bean>


    <!-- Spring Data Jpa 配置 Spring -->
    <!--
        初始化容器时将会扫描 base-package 指定的包目录及其子目录，为继承 Repository 或其子接口的接口创建代理对象，并将代理对象注册为 Spring Bean
            base-package 扫描的包
            repository-impl-postfix 仓库自定义实现类的后缀。自动扫描该名称带有该后缀的类，并添加到接口的实现
            factory-class 仓库接口的实现工厂
     -->
    <jpa:repositories base-package="com.clb.ssh.dao"
                      entity-manager-factory-ref="entityManagerFactory"
                      transaction-manager-ref="transactionManager">
    </jpa:repositories>

</beans>