<?xml version="1.0" encoding="utf-8" ?>

<beans xmlns="http://www.springframework.org/schema/beans"
       xmlns:xsi="http://www.w3.org/2001/XMLSchema-instance"
       xmlns:context="http://www.springframework.org/schema/context"
       xmlns:jpa="http://www.springframework.org/schema/data/jpa"
       xmlns:tx="http://www.springframework.org/schema/tx"
       xmlns:mvc="http://www.springframework.org/schema/mvc"
       xsi:schemaLocation="http://www.springframework.org/schema/beans
                        http://www.springframework.org/schema/beans/spring-beans.xsd
                        http://www.springframework.org/schema/context
                        http://www.springframework.org/schema/context/spring-context.xsd
                        http://www.springframework.org/schema/data/jpa
                        http://www.springframework.org/schema/data/jpa/spring-jpa.xsd
                        http://www.springframework.org/schema/tx
                        http://www.springframework.org/schema/tx/spring-tx.xsd
                        http://www.springframework.org/schema/mvc
                        http://www.springframework.org/schema/mvc/spring-mvc.xsd">

    <context:component-scan base-package="com.clb.ssh.controller" />

    <!--注解驱动-->
    <mvc:annotation-driven >
        <mvc:message-converters>
            <bean class="org.springframework.http.converter.StringHttpMessageConverter" >
                <property name="supportedMediaTypes" >
                    <list>
                        <value>text/html;charset=UTF-8</value>
                        <value>application/json;charset=UTF-8</value>
                    </list>
                </property>
            </bean>
        </mvc:message-converters>
    </mvc:annotation-driven>

    <!-- 配置spring不拦截静态资源-->
    <mvc:resources location="static/image" mapping="/image/**"/>
    <mvc:resources location="static/css" mapping="/css/**"/>
    <mvc:resources location="static/js" mapping="/js/**"/>

    <!--拦截器处理-->
    <mvc:interceptors>
        <mvc:interceptor>
            <mvc:mapping path="/**"/>
            <mvc:exclude-mapping path="/user/login"/>
            <bean class="com.clb.ssh.intercepter.LoginIntercepter" />
        </mvc:interceptor>
    </mvc:interceptors>

    <!--视图解析器配置-->
    <!--定义跳转的文件的前后缀，视图模式配置-->
    <bean class="org.springframework.web.servlet.view.InternalResourceViewResolver">
        <property name="viewClass" value="org.springframework.web.servlet.view.JstlView" />
        <property name="prefix" value="/WEB-INF/view/" />
        <property name="suffix" value=".jsp" />
    </bean>
    
    
</beans>